timestamp,freq_mhz,perf_pct,usage_pct,temp_c
2026-02-25 07:33:52,2500,160.3,33.2,-1
2026-02-25 07:33:51,2500,170.8,35.4,98
2026-02-25 07:34:01,2500,142.8,23.3,-1
2026-02-25 07:34:01,2500,143.5,19.4,97
2026-02-25 07:34:09,2500,170.9,26.9,-1
2026-02-25 07:34:10,2500,144.6,26.7,94
2026-02-25 07:34:17,2500,156,36.8,-1
2026-02-25 07:34:18,2500,150.2,40.9,98
2026-02-25 07:34:25,2500,147.4,41.3,-1
2026-02-25 07:34:26,2500,151.2,35.3,93
2026-02-25 07:34:34,2500,141.3,99.9,-1
2026-02-25 07:34:34,2500,142.5,99.9,93
2026-02-25 07:34:42,2500,144.4,96.9,-1
2026-02-25 07:34:43,2500,144.2,97.8,93
2026-02-25 07:34:52,2500,140.8,99.9,96
2026-02-25 07:34:51,2500,141.1,99.9,-1
2026-02-25 07:35:00,2500,144.3,69.7,96
2026-02-25 07:35:00,2500,145.2,70.6,-1
2026-02-25 07:35:09,2500,144.1,96.9,98
2026-02-25 07:35:09,2500,143.3,97.4,-1
2026-02-25 07:35:17,2500,141.5,97,95
2026-02-25 07:35:18,2500,141.9,97.1,-1
2026-02-25 07:35:26,2500,145.3,91.5,94
2026-02-25 07:35:26,2500,145.3,92.7,-1
2026-02-25 07:35:34,2500,140.7,94.7,96
2026-02-25 07:35:35,2500,140.2,96.7,-1
2026-02-25 07:35:43,2500,142.6,96,97
2026-02-25 07:35:43,2500,145.9,88.1,-1
2026-02-25 07:35:51,2500,143.4,95.3,96
2026-02-25 07:35:52,2500,141.7,98.7,-1
2026-02-25 07:36:00,2500,140.7,93.3,98
2026-02-25 07:36:01,2500,143.2,91.9,-1
2026-02-25 07:36:08,2500,148.7,88.3,95
2026-02-25 07:36:09,2500,147.7,76.6,-1
2026-02-25 07:36:17,2500,143.9,96.3,97
2026-02-25 07:36:18,2500,142.4,91.8,-1
2026-02-25 07:36:25,2500,144.7,95.3,97
2026-02-25 07:36:26,2500,142,90.9,-1
2026-02-25 07:36:33,2500,141.7,89.6,94
2026-02-25 07:36:35,2500,143.3,78.5,-1
2026-02-25 07:36:42,2500,147.1,84.1,94
2026-02-25 07:36:43,2500,145.1,79,-1
2026-02-25 07:36:50,2500,143.1,90.5,95
2026-02-25 07:36:52,2500,146.4,94.1,-1
2026-02-25 07:36:59,2500,142.9,95.2,95
2026-02-25 07:37:00,2500,140.9,97.7,-1
2026-02-25 07:37:07,2500,147.9,43.9,94
2026-02-25 07:37:09,2500,154.2,32.9,-1
2026-02-25 07:37:16,2500,162.6,27.6,100
2026-02-25 07:37:17,2500,160.5,36.4,-1
2026-02-25 07:37:24,2500,152.6,81.5,96
2026-02-25 07:37:25,2500,139,45.1,-1
2026-02-25 07:37:33,2500,151.4,35.9,100
2026-02-25 07:37:34,2500,155.2,45.9,-1
2026-02-25 07:37:41,2500,142.5,49.7,97
2026-02-25 07:37:42,2500,144.2,41.5,-1
2026-02-25 07:37:50,2500,140.2,74.5,96
2026-02-25 07:37:51,2500,141.2,70.3,-1
2026-02-25 07:37:58,2500,149.9,30.9,94
2026-02-25 07:37:59,2500,155.1,39.9,-1
2026-02-25 07:38:07,2500,153.4,26.9,89
2026-02-25 07:38:08,2500,161.3,32.4,-1
2026-02-25 07:38:15,2500,153.2,33.8,98
2026-02-25 07:38:16,2500,156.3,68.5,-1
2026-02-25 07:38:23,2500,154.6,23.4,94
2026-02-25 07:38:25,2500,160.1,52,-1
2026-02-25 07:38:32,2500,144.2,81.4,97
2026-02-25 07:38:33,2500,148.7,92,-1
2026-02-25 07:38:40,2500,152.8,46,100
2026-02-25 07:38:42,2500,154.9,26.3,-1
2026-02-25 07:38:49,2500,145.8,93.5,94
2026-02-25 07:38:50,2500,147.8,93.3,-1
2026-02-25 07:38:57,2500,150.9,67.9,98
2026-02-25 07:38:59,2500,150.7,15.6,-1
2026-02-25 07:39:06,2500,155.4,11.7,97
2026-02-25 07:39:07,2500,153.4,16.6,-1
2026-02-25 07:39:14,2500,171.2,8.1,98
2026-02-25 07:39:15,2500,155.8,11.7,-1
2026-02-25 07:39:22,2500,162.8,6.8,91
2026-02-25 07:39:24,2500,165.8,15.2,-1
2026-02-25 07:39:30,2500,154.9,40.9,97
2026-02-25 07:39:32,2500,161.8,43.9,-1
2026-02-25 07:39:39,2500,150.8,32,97
2026-02-25 07:39:40,2500,150.3,22.9,-1
2026-02-25 07:39:47,2500,154.9,27.9,96
2026-02-25 07:39:48,2500,155.5,17.7,-1
2026-02-25 07:39:55,2500,157.7,16.3,96
2026-02-25 07:39:57,2500,156.4,12.3,-1
2026-02-25 07:40:03,2500,145,100,98
2026-02-25 07:40:05,2500,143.1,100,-1
2026-02-25 07:40:12,2500,144.3,97.9,98
2026-02-25 07:40:14,2500,143.1,98.3,-1
2026-02-25 07:40:20,2500,142.2,91.9,98
2026-02-25 07:40:22,2500,148.1,97.5,-1
2026-02-25 07:40:29,2500,152.4,99.1,91
2026-02-25 07:40:30,2500,146,97.1,-1
2026-02-25 07:40:37,2500,147.5,84.5,94
2026-02-25 07:40:39,2500,149.8,94.1,-1
2026-02-25 07:40:45,2500,143.5,92.1,99
2026-02-25 07:40:47,2500,146.5,57.1,-1
2026-02-25 07:40:54,2500,142.4,92,97
2026-02-25 07:40:56,2500,140,98.9,-1
2026-02-25 07:41:02,2500,140.9,99.4,94
2026-02-25 07:41:04,2500,139.4,98,-1
2026-02-25 07:41:10,2500,142.4,98.7,94
2026-02-25 07:41:13,2500,140.7,96.7,-1
2026-02-25 07:41:19,2500,145.4,94.6,98
2026-02-25 07:41:21,2500,141.9,99.3,-1
2026-02-25 07:41:27,2500,154.7,80,98
2026-02-25 07:41:29,2500,142.7,81.5,-1
2026-02-25 07:41:35,2500,155.3,65.2,98
2026-02-25 07:41:38,2500,152.4,78.1,-1
2026-02-25 07:41:44,2500,152.9,37.9,98
2026-02-25 07:41:46,2500,161.1,31.7,-1
2026-02-25 07:41:52,2500,146.5,49.8,98
2026-02-25 07:41:54,2500,146.9,37.1,-1
2026-02-25 07:42:00,2500,154.6,25.9,93
2026-02-25 07:42:03,2500,159.1,41.5,-1
2026-02-25 07:42:09,2500,149.8,53.1,100
2026-02-25 07:42:11,2500,154,35.7,-1
2026-02-25 07:42:17,2500,149.2,31.1,91
2026-02-25 07:42:19,2500,152.4,33.1,-1
2026-02-25 07:42:25,2500,161.2,38.8,94
2026-02-25 07:42:28,2500,155,28.9,-1
2026-02-25 07:42:33,2500,159.5,33.5,98
2026-02-25 07:42:36,2500,160.8,49.7,-1
2026-02-25 07:42:42,2500,152,72,99
2026-02-25 07:42:44,2500,161.9,58.4,-1
2026-02-25 07:42:50,2500,157.8,11.4,87
2026-02-25 07:42:53,2500,160.2,15.6,-1
2026-02-25 07:42:58,2500,169.6,9.8,88
2026-02-25 07:43:01,2500,160.6,8.4,-1
2026-02-25 07:43:06,2500,160.8,15.4,81
2026-02-25 07:43:09,2500,160.9,27.6,-1
2026-02-25 07:43:15,2500,162.3,14.5,78
2026-02-25 07:43:17,2500,152.3,22.3,-1
2026-02-25 07:43:23,2500,154.8,33.2,100
2026-02-25 07:43:26,2500,145,22.5,-1
2026-02-25 07:43:31,2500,152.5,29.9,93
2026-02-25 07:43:34,2500,157.1,21.9,-1
2026-02-25 07:43:39,2500,153.8,17.9,94
2026-02-25 07:43:42,2500,156,18,-1
2026-02-25 07:43:47,2500,147.1,99.8,96
2026-02-25 07:43:50,2500,146.8,99.8,-1
2026-02-25 07:43:56,2500,146.6,99.8,96
2026-02-25 07:43:59,2500,144,97.6,-1
2026-02-25 07:44:04,2500,150.7,71.5,96
2026-02-25 07:44:08,2500,143.5,95.2,-1
2026-02-25 07:44:12,2500,148,94.1,100
2026-02-25 07:44:16,2500,149.3,92.5,-1
2026-02-25 07:44:21,2500,149.5,88.3,97
2026-02-25 07:44:25,2500,145.8,98.2,-1
2026-02-25 07:44:29,2500,148.1,54.2,89
2026-02-25 07:44:33,2500,150.4,95.8,-1
2026-02-25 07:44:37,2500,144.4,99.6,97
2026-02-25 07:44:41,2500,145.5,93,-1
2026-02-25 07:44:46,2500,141.9,99.5,94
2026-02-25 07:44:50,2500,143.4,91.7,-1
2026-02-25 07:44:54,2500,143.4,91.4,97
2026-02-25 07:44:58,2500,143.5,81,-1
2026-02-25 07:45:02,2500,166.5,65,96
2026-02-25 07:45:07,2500,140.9,99,-1
2026-02-25 07:45:11,2500,150.1,81.6,96
2026-02-25 07:45:15,2500,153.3,67.1,-1
2026-02-25 07:45:19,2500,147.1,45,91
2026-02-25 07:45:23,2500,161.7,56.7,-1
2026-02-25 07:45:27,2500,141.6,60.6,97
2026-02-25 07:45:32,2500,147.8,22.8,-1
2026-02-25 07:45:35,2500,153.3,34.8,91
2026-02-25 07:45:40,2500,150.6,54.8,-1
2026-02-25 07:45:43,2500,160.1,42.1,100
2026-02-25 07:45:48,2500,154.9,59.3,-1
2026-02-25 07:45:52,2500,155.2,24.4,98
2026-02-25 07:45:57,2500,151.5,56.4,-1
2026-02-25 07:46:00,2500,153.6,40,100
2026-02-25 07:46:05,2500,151.8,24,-1
2026-02-25 07:46:08,2500,155.2,24.9,100
2026-02-25 07:46:14,2500,150.7,25.5,-1
2026-02-25 07:46:16,2500,160.6,20.9,96
2026-02-25 07:46:22,2500,155.1,38.2,-1
2026-02-25 07:46:25,2500,145.9,85.2,98
2026-02-25 07:46:30,2500,146.1,58,-1
2026-02-25 07:46:33,2500,166,43,94
2026-02-25 07:46:38,2500,169.1,7,-1
2026-02-25 07:46:41,2500,158.3,13.1,82
2026-02-25 07:46:47,2500,160.8,30.7,-1
2026-02-25 07:46:49,2500,168,11.1,97
2026-02-25 07:46:55,2500,157.4,22.4,-1
2026-02-25 07:46:57,2500,169.4,10.4,81
2026-02-25 07:47:03,2500,170,9.2,-1
2026-02-25 07:47:06,2500,173.5,18,94
2026-02-25 07:47:11,2500,152.6,25,-1
2026-02-25 07:47:14,2500,148.5,22,97
2026-02-25 07:47:20,2500,150.6,18.5,-1
2026-02-25 07:47:22,2500,155.9,32.6,97
2026-02-25 07:47:28,2500,157.5,28.8,-1
2026-02-25 07:47:30,2500,152.5,18,97
2026-02-25 07:47:36,2500,146.5,100,-1
2026-02-25 07:47:39,2500,149,100,83
2026-02-25 07:47:45,2500,146.2,99.8,-1
2026-02-25 07:47:47,2500,145.3,98.9,83
2026-02-25 07:47:53,2500,148.7,98.8,-1
2026-02-25 07:47:55,2500,143.5,97.7,91
2026-02-25 07:48:02,2500,146.1,95.7,-1
2026-02-25 07:48:04,2500,144.6,95.3,96
2026-02-25 07:48:10,2500,148.3,89.6,-1
2026-02-25 07:48:12,2500,143.4,93.2,93
2026-02-25 07:48:18,2500,143.1,82.6,-1
2026-02-25 07:48:20,2500,143.4,99.4,96
2026-02-25 07:48:27,2500,143.8,100,-1
2026-02-25 07:48:29,2500,143.8,96.4,98
2026-02-25 07:48:35,2500,142.2,94.9,-1
2026-02-25 07:48:37,2500,142.9,72.9,96
2026-02-25 07:48:43,2500,139.3,93.5,-1
2026-02-25 07:48:46,2500,144.6,82.7,100
2026-02-25 07:48:52,2500,139,98.6,-1
2026-02-25 07:48:54,2500,140.5,89.2,98
2026-02-25 07:49:00,2500,150.7,75.3,-1
2026-02-25 07:49:02,2500,161.6,60.2,98
2026-02-25 07:49:09,2500,147.6,83.1,-1
2026-02-25 07:49:10,2500,152.5,61.8,98
2026-02-25 07:49:17,2500,159.2,39.6,-1
2026-02-25 07:49:19,2500,161.5,28.9,97
2026-02-25 07:49:25,2500,151.5,87.2,-1
2026-02-25 07:49:27,2500,144.3,35.1,98
2026-02-25 07:49:34,2500,153.4,33,-1
2026-02-25 07:49:35,2500,157.7,30.9,90
2026-02-25 07:49:42,2500,148.1,60.9,-1
2026-02-25 07:49:44,2500,152.3,30.3,96
2026-02-25 07:49:50,2500,156.1,92.7,-1
2026-02-25 07:49:52,2500,140.9,54.7,97
2026-02-25 07:49:59,2500,151.6,34.8,-1
2026-02-25 07:50:00,2500,150.1,81.6,92
2026-02-25 07:50:07,2500,150.9,37.5,-1
2026-02-25 07:50:09,2500,151.8,47.7,97
2026-02-25 07:50:15,2500,155.7,27.5,-1
2026-02-25 07:50:17,2500,156.8,21.7,100
2026-02-25 07:50:24,2500,151,43.3,-1
2026-02-25 07:50:25,2500,146.9,32.2,94
2026-02-25 07:50:32,2500,159.9,70.5,-1
2026-02-25 07:50:33,2500,146.8,59,96
2026-02-25 07:50:40,2500,154.8,97.7,-1
2026-02-25 07:50:42,2500,145.4,76.1,92
2026-02-25 07:50:49,2500,150.8,35.2,-1
2026-02-25 07:50:50,2500,165.6,53.3,98
2026-02-25 07:50:57,2500,163.4,42.2,-1
2026-02-25 07:50:58,2500,171.7,11.4,92
2026-02-25 07:51:05,2500,173.3,12.9,-1
2026-02-25 07:51:07,2500,165.4,10,83
2026-02-25 07:51:14,2500,165.9,22.1,-1
2026-02-25 07:51:15,2500,176.4,18,89
2026-02-25 07:51:22,2500,163,25.8,-1
2026-02-25 07:51:23,2500,155.1,32.6,98
2026-02-25 07:51:30,2500,151.5,31.7,-1
2026-02-25 07:51:31,2500,150.4,38.8,94
2026-02-25 07:51:38,2500,153.7,16.4,-1
2026-02-25 07:51:39,2500,158.3,22.7,100
2026-02-25 07:51:47,2500,153.6,22.7,-1
2026-02-25 07:51:48,2500,158.5,18.6,93
2026-02-25 07:51:55,2500,146.5,87.7,-1
2026-02-25 07:51:56,2500,153.4,99.3,97
2026-02-25 07:52:04,2500,149.3,97,-1
2026-02-25 07:52:05,2500,146.5,98.9,97
2026-02-25 07:52:13,2500,146.1,73.5,-1
2026-02-25 07:52:14,2500,149.2,67.2,96
2026-02-25 07:52:22,2500,154.4,75.1,-1
2026-02-25 07:52:22,2500,151.7,67.9,96
2026-02-25 07:52:31,2500,150.8,81.8,96
2026-02-25 07:52:30,2500,153.2,82.4,-1
2026-02-25 07:52:39,2500,151.6,98.3,96
2026-02-25 07:52:39,2500,151.8,98.6,-1
2026-02-25 07:52:47,2500,153.3,79.1,97
2026-02-25 07:52:48,2500,155.8,85.5,-1
2026-02-25 07:52:56,2500,147,84.8,94
2026-02-25 07:52:56,2500,148.1,84,-1
2026-02-25 07:53:04,2500,144,91.2,94
2026-02-25 07:53:05,2500,145.4,90.5,-1
2026-02-25 07:53:13,2500,144,95.4,97
2026-02-25 07:53:13,2500,144.7,94.6,-1
2026-02-25 07:53:21,2500,142.7,99.8,96
2026-02-25 07:53:22,2500,144.1,99.5,-1
2026-02-25 07:53:30,2500,141.4,90.7,97
2026-02-25 07:53:31,2500,140.7,86.5,-1
2026-02-25 07:53:38,2500,143.5,92.8,93
2026-02-25 07:53:39,2500,144.2,83.7,-1
2026-02-25 07:53:47,2500,141.1,86.4,97
2026-02-25 07:53:48,2500,140.3,91.5,-1
2026-02-25 07:53:55,2500,141.4,81.5,96
2026-02-25 07:53:56,2500,144.3,66.6,-1
2026-02-25 07:54:04,2500,158.6,49.1,91
2026-02-25 07:54:05,2500,153.4,67.3,-1
2026-02-25 07:54:12,2500,154.3,22.7,96
2026-02-25 07:54:13,2500,151.8,23.5,-1
2026-02-25 07:54:20,2500,148.7,21.1,93
2026-02-25 07:54:21,2500,158.7,90.5,-1
2026-02-25 07:54:29,2500,151.8,26.4,96
2026-02-25 07:54:30,2500,157.8,23.4,-1
2026-02-25 07:54:37,2500,150.1,37.2,97
2026-02-25 07:54:38,2500,156.3,38.2,-1
2026-02-25 07:54:45,2500,156.9,22.9,96
2026-02-25 07:54:46,2500,156.8,64.2,-1
2026-02-25 07:54:53,2500,153.8,31.5,100
2026-02-25 07:54:55,2500,151.1,49.6,-1
2026-02-25 07:55:02,2500,155.4,39.1,98
2026-02-25 07:55:03,2500,151,55.5,-1
2026-02-25 07:55:10,2500,153.7,41.2,97
2026-02-25 07:55:11,2500,161.7,44.5,-1
2026-02-25 07:55:18,2500,161.3,8,79
2026-02-25 07:55:19,2500,162.1,8.8,-1
2026-02-25 07:55:26,2500,163.9,10.6,83
2026-02-25 07:55:28,2500,161.1,11.5,-1
2026-02-25 07:55:34,2500,163.5,10.5,88
2026-02-25 07:55:36,2500,152.8,19.3,-1
2026-02-25 07:55:43,2500,175.5,27.4,85
2026-02-25 07:55:44,2500,153.1,31.1,-1
2026-02-25 07:55:51,2500,151,31.7,97
2026-02-25 07:55:52,2500,149.8,18.8,-1
2026-02-25 07:55:59,2500,157.7,24.3,97
2026-02-25 07:56:01,2500,156.2,18.2,-1
2026-02-25 07:56:07,2500,151.8,20.2,97
2026-02-25 07:56:09,2500,159.3,14.3,-1
2026-02-25 07:56:15,2500,146.7,100,79
2026-02-25 07:56:17,2500,147.7,99.8,-1
2026-02-25 07:56:24,2500,144.7,98.5,79
2026-02-25 07:56:26,2500,143.7,96.3,-1
2026-02-25 07:56:32,2500,146.3,92.2,94
2026-02-25 07:56:34,2500,148.2,90.1,-1
2026-02-25 07:56:41,2500,150.6,89.6,100
2026-02-25 07:56:42,2500,148.7,88.5,-1
2026-02-25 07:56:49,2500,145.7,79.4,100
2026-02-25 07:56:51,2500,149.8,94.9,-1
2026-02-25 07:56:58,2500,144.2,95.5,96
2026-02-25 07:56:59,2500,145.4,99.9,-1
2026-02-25 07:57:06,2500,143.9,96.2,98
2026-02-25 07:57:08,2500,146.2,86.9,-1
2026-02-25 07:57:14,2500,155.1,92.8,92
2026-02-25 07:57:16,2500,138.6,99.3,-1
2026-02-25 07:57:23,2500,143.4,91.7,100
2026-02-25 07:57:25,2500,143.4,93.6,-1
2026-02-25 07:57:31,2500,148.7,82.1,96
2026-02-25 07:57:33,2500,149.2,76.4,-1
2026-02-25 07:57:39,2500,152,49.9,93
2026-02-25 07:57:42,2500,149.4,65.4,-1
2026-02-25 07:57:48,2500,155.1,57.8,98
2026-02-25 07:57:50,2500,142.2,35.5,-1
2026-02-25 07:57:56,2500,148.7,77.1,94
2026-02-25 07:57:58,2500,146.2,57.1,-1
2026-02-25 07:58:04,2500,150.6,89,96
2026-02-25 07:58:07,2500,156.3,59.5,-1
2026-02-25 07:58:13,2500,151.2,48.1,93
2026-02-25 07:58:15,2500,148.6,35.6,-1
2026-02-25 07:58:21,2500,154.6,30.1,94
2026-02-25 07:58:24,2500,154.8,47.1,-1
2026-02-25 07:58:29,2500,147.9,29.3,97
2026-02-25 07:58:32,2500,152.1,59.7,-1
2026-02-25 07:58:38,2500,161.4,26.6,98
2026-02-25 07:58:40,2500,147.7,64.7,-1
2026-02-25 07:58:46,2500,152.3,44,94
2026-02-25 07:58:49,2500,143.5,61,-1
2026-02-25 07:58:54,2500,152,25.2,94
2026-02-25 07:58:57,2500,158.5,16.8,-1
2026-02-25 07:59:02,2500,171.4,21.2,97
2026-02-25 07:59:05,2500,156.8,12.3,-1
2026-02-25 07:59:10,2500,157.4,23.9,100
2026-02-25 07:59:14,2500,166.3,8.7,-1
2026-02-25 07:59:19,2500,159,12.8,89
2026-02-25 07:59:22,2500,160.2,8.5,-1
2026-02-25 07:59:27,2500,163,20.5,97
2026-02-25 07:59:30,2500,155.2,28.2,-1
2026-02-25 07:59:35,2500,153.8,83.3,97
2026-02-25 07:59:38,2500,151.6,98.3,-1
2026-02-25 07:59:44,2500,151.6,35.6,93
2026-02-25 07:59:47,2500,148.6,37,-1
2026-02-25 07:59:52,2500,152.1,18.2,97
2026-02-25 07:59:55,2500,148.7,49.7,-1
2026-02-25 08:00:00,2500,144.3,100,98
2026-02-25 08:00:04,2500,144.4,100,-1
2026-02-25 08:00:09,2500,142.8,100,98
2026-02-25 08:00:13,2500,143.4,100,-1
2026-02-25 08:00:18,2500,140.1,94.1,100
2026-02-25 08:00:22,2500,146.3,98.1,-1
2026-02-25 08:00:26,2500,147.8,94.3,97
2026-02-25 08:00:30,2500,143.8,98.9,-1
2026-02-25 08:00:34,2500,148.2,86,98
2026-02-25 08:00:39,2500,152.5,59.5,-1
2026-02-25 08:00:43,2500,146,90.7,96
2026-02-25 08:00:47,2500,140.7,97.6,-1
2026-02-25 08:00:51,2500,149.6,84.7,100
2026-02-25 08:00:55,2500,143.4,96.7,-1
2026-02-25 08:00:59,2500,141.3,97.3,96
2026-02-25 08:01:04,2500,144.3,97.7,-1
2026-02-25 08:01:08,2500,145,93.2,98
2026-02-25 08:01:12,2500,145.7,76,-1
2026-02-25 08:01:16,2500,154.6,60.8,97
2026-02-25 08:01:21,2500,144.4,60.7,-1
2026-02-25 08:01:24,2500,149.4,59.1,100
2026-02-25 08:01:29,2500,141.8,70.3,-1
2026-02-25 08:01:32,2500,140.9,96.9,98
2026-02-25 08:01:37,2500,147.8,72.3,-1
2026-02-25 08:01:41,2500,149,63.2,96
2026-02-25 08:01:46,2500,161.3,37.7,-1
2026-02-25 08:01:49,2500,152.8,41.6,98
2026-02-25 08:01:54,2500,152.7,76.5,-1
2026-02-25 08:01:57,2500,153.3,27.1,98
2026-02-25 08:02:02,2500,146.5,66.5,-1
2026-02-25 08:02:06,2500,154.2,39.9,96
2026-02-25 08:02:11,2500,152.7,58.6,-1
2026-02-25 08:02:14,2500,155.5,18.5,94
2026-02-25 08:02:19,2500,149.7,46.3,-1
2026-02-25 08:02:22,2500,151.1,45.6,100
2026-02-25 08:02:27,2500,152,24.6,-1
2026-02-25 08:02:30,2500,156.1,20,92
2026-02-25 08:02:36,2500,167.5,34.9,-1
2026-02-25 08:02:38,2500,184.4,22.6,97
2026-02-25 08:02:44,2500,192.2,21.7,-1
2026-02-25 08:02:47,2500,174.8,62.3,97
2026-02-25 08:02:52,2500,186.2,32,-1
2026-02-25 08:02:55,2500,170.7,36,96
2026-02-25 08:03:01,2500,163.7,69,-1
2026-02-25 08:03:03,2500,169.5,54.6,99
2026-02-25 08:03:09,2500,163.9,57.4,-1
2026-02-25 08:03:12,2500,173.7,23.7,92
2026-02-25 08:03:17,2500,182.4,25.8,-1
2026-02-25 08:03:20,2500,195.1,15.7,94
2026-02-25 08:03:26,2500,182.3,38.9,-1
2026-02-25 08:03:28,2500,179.6,30.2,93
2026-02-25 08:03:34,2500,157.7,34,-1
2026-02-25 08:03:36,2500,160.1,55.8,94
2026-02-25 08:03:42,2500,175,25.4,-1
2026-02-25 08:03:45,2500,165.6,27.8,93
2026-02-25 08:03:51,2500,166.4,36.7,-1
2026-02-25 08:03:53,2500,183,19,93
2026-02-25 08:03:59,2500,170.1,34,-1
2026-02-25 08:04:01,2500,180.7,32.4,99
2026-02-25 08:04:07,2500,184.6,48,-1
2026-02-25 08:04:09,2500,179.3,37.1,95
2026-02-25 08:04:16,2500,172,25.4,-1
2026-02-25 08:04:18,2500,177,31.7,96
2026-02-25 08:04:24,2500,180.3,19,-1
2026-02-25 08:04:26,2500,152.9,33.6,89
2026-02-25 08:04:32,2500,182.1,51.6,-1
2026-02-25 08:04:35,2500,174.3,48.7,97
2026-02-25 08:04:40,2500,155.9,74.5,-1
2026-02-25 08:04:43,2500,164.9,69,96
2026-02-25 08:04:49,2500,161.6,75.7,-1
2026-02-25 08:04:51,2500,162.8,67.6,96
2026-02-25 08:04:57,2500,164.6,65,-1
2026-02-25 08:05:00,2500,164,70.4,96
2026-02-25 08:05:06,2500,162.9,71.9,-1
2026-02-25 08:05:09,2500,161.1,80.2,96
2026-02-25 08:05:14,2500,163.5,68.6,-1
2026-02-25 08:05:17,2500,162.8,71.9,96
2026-02-25 08:05:23,2500,162,76.7,-1
2026-02-25 08:05:26,2500,161.6,73,96
2026-02-25 08:05:31,2500,161.2,68.8,-1
2026-02-25 08:05:34,2500,162.8,71.4,100
2026-02-25 08:05:39,2500,156.6,67.1,-1
2026-02-25 08:05:42,2500,162.7,68.2,97
2026-02-25 08:05:48,2500,164.4,61.1,-1
2026-02-25 08:05:51,2500,164.3,62.9,97
2026-02-25 08:05:56,2500,161.8,63,-1
2026-02-25 08:05:59,2500,166.2,70,96
2026-02-25 08:06:05,2500,165.6,62,-1
2026-02-25 08:06:08,2500,153.6,88.7,99
2026-02-25 08:06:13,2500,160.1,68.2,-1
2026-02-25 08:06:16,2500,163.9,73.4,98
2026-02-25 08:06:21,2500,166.2,87.3,-1
2026-02-25 08:06:24,2500,158.7,89.9,99
2026-02-25 08:06:30,2500,157.5,82.4,-1
2026-02-25 08:06:34,2500,153.7,85.9,99
2026-02-25 08:06:39,2500,158.8,65.9,-1
2026-02-25 08:06:42,2500,156.6,84.5,99
2026-02-25 08:06:48,2500,153.4,79.9,-1
2026-02-25 08:06:51,2500,160.7,74.9,96
2026-02-25 08:06:56,2500,159.6,79.6,-1
2026-02-25 08:06:59,2500,157.1,76.5,97
2026-02-25 08:07:05,2500,158.2,70.2,-1
2026-02-25 08:07:08,2500,160.8,77.7,99
2026-02-25 08:07:13,2500,156.9,82.2,-1
2026-02-25 08:07:16,2500,-1,-1,97
2026-02-25 08:07:21,2500,158.5,79,-1
2026-02-25 08:07:23,2500,160.5,75.3,96
2026-02-25 08:07:30,2500,153,75.3,-1
2026-02-25 08:07:32,2500,159,69.6,96
2026-02-25 08:07:38,2500,156.5,80.6,-1
2026-02-25 08:07:40,2500,155.8,67.3,97
2026-02-25 08:07:47,2500,154.5,75.9,-1
2026-02-25 08:07:48,2500,158.2,69.5,98
2026-02-25 08:07:55,2500,159.4,66.9,-1
2026-02-25 08:07:57,2500,158.4,64.1,97
2026-02-25 08:08:03,2500,160.1,66.2,-1
2026-02-25 08:08:05,2500,163.8,67.8,97
2026-02-25 08:08:12,2500,160.5,66.7,-1
2026-02-25 08:08:13,2500,160.9,66.1,99
2026-02-25 08:08:20,2500,150,65.7,-1
2026-02-25 08:08:22,2500,163,60.9,99
2026-02-25 08:08:28,2500,163.9,73.9,-1
2026-02-25 08:08:30,2500,159.4,70.1,99
2026-02-25 08:08:37,2500,163.2,71.2,-1
2026-02-25 08:08:38,2500,161.4,68.5,99
2026-02-25 08:08:45,2500,162.9,70.4,-1
2026-02-25 08:08:47,2500,162.8,73.6,99
2026-02-25 08:08:54,2500,150.7,70.4,-1
2026-02-25 08:08:55,2500,147.5,93.2,97
2026-02-25 08:09:02,2500,155.7,78.8,-1
2026-02-25 08:09:03,2500,153.3,66,97
2026-02-25 08:09:11,2500,153.1,46.5,-1
2026-02-25 08:09:12,2500,154.2,60.2,96
2026-02-25 08:09:20,2500,141.9,88.3,-1
2026-02-25 08:09:21,2500,146.5,85.1,97
2026-02-25 08:09:28,2500,143.3,85.6,-1
2026-02-25 08:09:30,2500,145.7,58.4,97
2026-02-25 08:09:36,2500,140.7,92.6,-1
2026-02-25 08:09:38,2500,136.6,99.6,97
2026-02-25 08:09:46,2500,146.3,47,-1
2026-02-25 08:09:46,2500,148.3,47,89
2026-02-25 08:09:54,2500,140.2,95.4,-1
2026-02-25 08:09:55,2500,139,69.7,94
2026-02-25 08:10:02,2500,143.7,81.4,-1
2026-02-25 08:10:03,2500,138.6,81,96
2026-02-25 08:10:11,2500,143.9,44.9,-1
2026-02-25 08:10:11,2500,148.1,49.8,96
2026-02-25 08:10:19,2500,146.5,71.2,-1
2026-02-25 08:10:20,2500,146.5,83.9,94
2026-02-25 08:10:27,2500,149.2,31,-1
2026-02-25 08:10:28,2500,150.3,35.2,97
2026-02-25 08:10:36,2500,148.8,88.2,-1
2026-02-25 08:10:37,2500,139.3,55.4,90
2026-02-25 08:10:44,2500,148.7,57.9,-1
2026-02-25 08:10:45,2500,147.1,80.9,98
2026-02-25 08:10:53,2500,139.4,73.5,-1
2026-02-25 08:10:54,2500,139,49.1,97
2026-02-25 08:11:02,2500,153,47.5,-1
2026-02-25 08:11:02,2500,153.9,60.5,90
2026-02-25 08:11:10,2500,139.1,54.2,-1
2026-02-25 08:11:11,2500,144.4,37.1,91
2026-02-25 08:11:18,2500,151.5,14.9,-1
2026-02-25 08:11:19,2500,161.6,11.7,98
2026-02-25 08:11:27,2500,148.1,15.4,-1
2026-02-25 08:11:27,2500,155.8,19.8,89
2026-02-25 08:11:35,2500,153.6,17.4,-1
2026-02-25 08:11:36,2500,158.1,20.6,96
2026-02-25 08:11:43,2500,148.2,29.8,-1
2026-02-25 08:11:44,2500,146.2,30.7,98
2026-02-25 08:11:51,2500,147.7,34.4,-1
2026-02-25 08:11:52,2500,146.3,50.2,97
2026-02-25 08:12:00,2500,157.3,36.2,-1
2026-02-25 08:12:00,2500,150.1,42.4,94
2026-02-25 08:12:08,2500,149,39.2,-1
2026-02-25 08:12:09,2500,146.8,30.8,96
2026-02-25 08:12:16,2500,139.8,99.9,-1
2026-02-25 08:12:17,2500,140.5,100,93
2026-02-25 08:12:25,2500,141.4,100,-1
2026-02-25 08:12:26,2500,140.1,100,93
2026-02-25 08:12:33,2500,138.7,98.8,-1
2026-02-25 08:12:34,2500,138.5,98.8,93
2026-02-25 08:12:42,2500,140.9,98,-1
2026-02-25 08:12:43,2500,140.6,99.6,96
2026-02-25 08:12:51,2500,138.4,99.6,-1
2026-02-25 08:12:51,2500,140.1,99.9,98
2026-02-25 08:13:00,2500,135.8,97.6,-1
2026-02-25 08:13:00,2500,135.4,97.4,97
2026-02-25 08:13:08,2500,139.3,97.9,96
2026-02-25 08:13:08,2500,139.4,97.8,-1
2026-02-25 08:13:17,2500,140,96.2,94
2026-02-25 08:13:17,2500,140.4,95.4,-1
2026-02-25 08:13:25,2500,138.9,99.8,97
2026-02-25 08:13:26,2500,138.3,99.8,-1
2026-02-25 08:13:34,2500,139.1,98.7,97
2026-02-25 08:13:34,2500,139.3,97.9,-1
2026-02-25 08:13:42,2500,136.4,99.3,96
2026-02-25 08:13:43,2500,136.3,99,-1
2026-02-25 08:13:51,2500,136.7,99.2,96
2026-02-25 08:13:51,2500,135.5,99.6,-1
2026-02-25 08:13:59,2500,143.7,98.3,98
2026-02-25 08:13:59,2500,137.5,95.8,-1
2026-02-25 08:14:07,2500,147.9,81.5,96
2026-02-25 08:14:08,2500,140.2,86.8,-1
2026-02-25 08:14:16,2500,136.8,50.3,97
2026-02-25 08:14:16,2500,142.7,51.4,-1
2026-02-25 08:14:24,2500,144,78.3,96
2026-02-25 08:14:24,2500,142.4,67.3,-1
2026-02-25 08:14:32,2500,142.2,64.5,100
2026-02-25 08:14:33,2500,142.2,64.5,-1
2026-02-25 08:14:41,2500,142.1,76.4,94
2026-02-25 08:14:41,2500,142.5,76.5,-1
2026-02-25 08:14:50,2500,140.8,88.4,98
2026-02-25 08:14:50,2500,140.8,88.4,-1
2026-02-25 08:14:58,2500,149.8,47.1,92
2026-02-25 08:14:58,2500,149.6,47.1,-1
2026-02-25 08:15:06,2500,149.6,27.5,96
2026-02-25 08:15:06,2500,148.5,27.1,-1
2026-02-25 08:15:15,2500,138.6,39.3,100
2026-02-25 08:15:15,2500,138.8,32.1,-1
2026-02-25 08:15:23,2500,140.6,65.1,98
2026-02-25 08:15:23,2500,136.9,62.5,-1
2026-02-25 08:15:31,2500,149.6,27.1,98
2026-02-25 08:15:31,2500,147.6,27.2,-1
2026-02-25 08:15:40,2500,145.4,36.6,94
2026-02-25 08:15:40,2500,145.3,32.4,-1
2026-02-25 08:15:48,2500,151.1,33.2,98
2026-02-25 08:15:48,2500,151,37.9,-1
2026-02-25 08:15:56,2500,152.6,25.1,98
2026-02-25 08:15:56,2500,150.8,21.7,-1
2026-02-25 08:16:04,2500,148.9,36.8,96
2026-02-25 08:16:05,2500,148.2,41.4,-1
2026-02-25 08:16:13,2500,149.7,32.8,97
2026-02-25 08:16:13,2500,147.9,32.7,-1
2026-02-25 08:16:21,2500,146.3,28.1,96
2026-02-25 08:16:21,2500,149.7,27.5,-1
2026-02-25 08:16:29,2500,156.3,36.9,97
2026-02-25 08:16:29,2500,149.4,35.5,-1
2026-02-25 08:16:37,2500,142.6,100,100
2026-02-25 08:16:38,2500,141.5,100,-1
2026-02-25 08:16:46,2500,140.6,100,100
2026-02-25 08:16:46,2500,141.3,100,-1
2026-02-25 08:16:54,2500,140.8,99.5,96
2026-02-25 08:16:55,2500,141.5,99.8,-1
2026-02-25 08:17:03,2500,143.3,93.8,96
2026-02-25 08:17:04,2500,144.1,97.1,-1
2026-02-25 08:17:11,2500,141.9,97.2,97
2026-02-25 08:17:12,2500,142.7,98.7,-1
2026-02-25 08:17:20,2500,140.7,98.3,97
2026-02-25 08:17:21,2500,141.1,97.8,-1
2026-02-25 08:17:28,2500,140.9,97.9,96
2026-02-25 08:17:29,2500,141.5,99.1,-1
2026-02-25 08:17:37,2500,149.9,76.2,98
2026-02-25 08:17:37,2500,152.1,57.3,-1
2026-02-25 08:17:45,2500,137.4,99.6,95
2026-02-25 08:17:46,2500,138.8,99.2,-1
2026-02-25 08:17:53,2500,137.8,99.5,96
2026-02-25 08:17:54,2500,139.3,99.6,-1
2026-02-25 08:18:02,2500,139.2,97.6,98
2026-02-25 08:18:03,2500,140,91.8,-1
2026-02-25 08:18:10,2500,142,85.8,97
2026-02-25 08:18:11,2500,140.5,90,-1
2026-02-25 08:18:19,2500,150.5,98.5,98
2026-02-25 08:18:19,2500,141.4,64,-1
2026-02-25 08:18:27,2500,156.9,41.6,97
2026-02-25 08:18:28,2500,152.4,46.8,-1
2026-02-25 08:18:35,2500,143.2,62.2,97
2026-02-25 08:18:36,2500,141.3,54.5,-1
2026-02-25 08:18:44,2500,141.1,78.3,97
2026-02-25 08:18:44,2500,144,69.5,-1
2026-02-25 08:18:52,2500,145,80.8,96
2026-02-25 08:18:53,2500,145.3,82.5,-1
2026-02-25 08:19:00,2500,147,51.3,96
2026-02-25 08:19:01,2500,150.3,49.5,-1
2026-02-25 08:19:09,2500,146.9,42.2,91
2026-02-25 08:19:09,2500,147.6,61.9,-1
2026-02-25 08:19:17,2500,149.2,26.2,100
2026-02-25 08:19:18,2500,151.7,38.6,-1
2026-02-25 08:19:25,2500,154,42.3,99
2026-02-25 08:19:26,2500,154.1,46.2,-1
2026-02-25 08:19:33,2500,136.4,85.6,97
2026-02-25 08:19:34,2500,140,84.3,-1
2026-02-25 08:19:42,2500,155.1,46,94
2026-02-25 08:19:43,2500,149.6,87.2,-1
2026-02-25 08:19:50,2500,143.3,66.6,97
2026-02-25 08:19:51,2500,145.1,80.7,-1
2026-02-25 08:19:58,2500,147.6,41,97
2026-02-25 08:19:59,2500,158.5,35.9,-1
2026-02-25 08:20:07,2500,170.4,17,100
2026-02-25 08:20:07,2500,171.9,18.1,-1
2026-02-25 08:20:15,2500,144.2,34.8,98
2026-02-25 08:20:16,2500,141.6,22.1,-1
2026-02-25 08:20:23,2500,150.5,25,93
2026-02-25 08:20:24,2500,151.2,14.5,-1
2026-02-25 08:20:32,2500,163,13.4,84
2026-02-25 08:20:32,2500,170,15.6,-1
2026-02-25 08:20:40,2500,175.6,24.1,100
2026-02-25 08:20:40,2500,159.9,9.3,-1
2026-02-25 08:20:48,2500,170.8,6.5,87
2026-02-25 08:20:49,2500,163.9,5.6,-1
2026-02-25 08:20:56,2500,156.5,31.5,98
2026-02-25 08:20:57,2500,163.7,29,-1
2026-02-25 08:21:04,2500,170.1,31.8,91
2026-02-25 08:21:05,2500,161.8,34.5,-1
2026-02-25 08:21:13,2500,165.3,7.9,96
2026-02-25 08:21:13,2500,178.6,7.7,-1
2026-02-25 08:21:21,2500,179.8,11.6,84
2026-02-25 08:21:22,2500,179.5,14.5,-1
2026-02-25 08:21:29,2500,170.1,14,98
2026-02-25 08:21:30,2500,167.6,6.6,-1
2026-02-25 08:21:37,2500,173.2,17.3,97
2026-02-25 08:21:38,2500,180.7,26.8,-1
2026-02-25 08:21:45,2500,173.2,14.8,100
2026-02-25 08:21:46,2500,162.6,26,-1
2026-02-25 08:21:54,2500,168.3,27.3,97
2026-02-25 08:21:54,2500,166.2,26.2,-1
2026-02-25 08:22:02,2500,181.1,8.1,79
2026-02-25 08:22:02,2500,185.1,5.4,-1
2026-02-25 08:22:10,2500,177.6,2.7,81
2026-02-25 08:22:11,2500,176,2.2,-1
2026-02-25 08:22:18,2500,180.2,3.5,76
2026-02-25 08:22:19,2500,175.2,20.9,-1
2026-02-25 08:22:27,2500,163.9,25.7,97
2026-02-25 08:22:27,2500,172.5,32.7,-1
2026-02-25 08:22:35,2500,171.3,12.4,80
2026-02-25 08:22:35,2500,170.6,9,-1
2026-02-25 08:22:43,2500,191.2,8.7,81
2026-02-25 08:22:44,2500,190.7,11.5,-1
2026-02-25 08:22:51,2500,183.8,2.4,100
2026-02-25 08:22:52,2500,180.8,2.8,-1
2026-02-25 08:22:59,2500,185.8,7.5,80
2026-02-25 08:23:00,2500,189,14.1,-1
2026-02-25 08:23:08,2500,181.1,28.3,97
2026-02-25 08:23:08,2500,177.6,20.5,-1
2026-02-25 08:23:16,2500,169.4,18.9,86
2026-02-25 08:23:17,2500,169.3,10.8,-1
2026-02-25 08:23:24,2500,170.9,6.2,77
2026-02-25 08:23:25,2500,176.7,9.9,-1
2026-02-25 08:23:32,2500,176.3,13.3,79
2026-02-25 08:23:33,2500,185.7,10.9,-1
2026-02-25 08:23:41,2500,179.6,4.9,85
2026-02-25 08:23:41,2500,175.5,4.9,-1
2026-02-25 08:23:49,2500,176.8,13.9,96
2026-02-25 08:23:49,2500,169.6,23.4,-1
2026-02-25 08:23:57,2500,165.2,25.4,85
2026-02-25 08:23:58,2500,163.1,15.9,-1
2026-02-25 08:24:05,2500,163.2,2.5,85
2026-02-25 08:24:06,2500,172.4,4.8,-1
2026-02-25 08:24:13,2500,177.1,14.2,95
2026-02-25 08:24:14,2500,175.8,11,-1
2026-02-25 08:24:22,2500,191,2.5,81
2026-02-25 08:24:22,2500,174.5,5.4,-1
2026-02-25 08:24:30,2500,184.9,5.6,79
2026-02-25 08:24:31,2500,174.3,13.9,-1
2026-02-25 08:24:38,2500,180.9,24.1,96
2026-02-25 08:24:39,2500,167.3,23.4,-1
2026-02-25 08:24:46,2500,166.5,15.1,93
2026-02-25 08:24:47,2500,173.2,8.1,-1
2026-02-25 08:24:54,2500,163.6,4.7,85
2026-02-25 08:24:55,2500,185.7,5.4,-1
2026-02-25 08:25:03,2500,158.4,52.2,97
2026-02-25 08:25:03,2500,153.8,66.3,-1
2026-02-25 08:25:11,2500,174.5,11,82
2026-02-25 08:25:12,2500,172.2,11.2,-1
2026-02-25 08:25:19,2500,177.6,13.6,78
2026-02-25 08:25:20,2500,179,22.9,-1
2026-02-25 08:25:27,2500,154.5,29.8,97
2026-02-25 08:25:28,2500,149.8,46,-1
2026-02-25 08:25:36,2500,149.5,19.8,96
